{
  "args": {
    "batch_size": 16,
    "ckpt": "MY/VQ-Stage1/cvq_v2_c36_snr12_stage1_best-v2-random_normal-withc1.pth",
    "cpu": false,
    "crop": "center",
    "data_dir": "/workspace/yongjia/datasets/DIV2K",
    "max_images": 0,
    "num_workers": 0,
    "out_dir": "MY/train_cvq-v2/eval/outputs/compare_B_stage1_best_c1_c2_energy",
    "seed": 20260610,
    "test_batch": 1,
    "val_num_workers": 0
  },
  "checkpoint": {
    "c1_ch": 16,
    "c2_ch": 20,
    "epoch": 800,
    "latent_ch": 36,
    "path": "/workspace/yongjia/paper_code/CDDM/MY/VQ-Stage1/cvq_v2_c36_snr12_stage1_best-v2-random_normal-withc1.pth",
    "route": "cvq_v2_c36_c1_16_c2_20_k16384",
    "stage": "stage1"
  },
  "script": "/workspace/yongjia/paper_code/CDDM/MY/train_cvq-v2/eval/eval_c1_c2_energy.py",
  "summary": {
    "eval_images": 100,
    "image_norm_c1_energy_max": 1.000000238418579,
    "image_norm_c1_energy_mean": 0.9999999910593033,
    "image_norm_c1_energy_median": 1.0,
    "image_norm_c1_energy_min": 0.9999997615814209,
    "image_norm_c1_energy_p25": 0.9999999403953552,
    "image_norm_c1_energy_p75": 1.0,
    "image_norm_c1_energy_std": 9.324841408230083e-08,
    "image_norm_c2_energy_max": 0.1710570901632309,
    "image_norm_c2_energy_mean": 0.01898360564995528,
    "image_norm_c2_energy_median": 0.010974539443850517,
    "image_norm_c2_energy_min": 3.363469659234397e-05,
    "image_norm_c2_energy_p25": 0.004640665836632252,
    "image_norm_c2_energy_p75": 0.02750873425975442,
    "image_norm_c2_energy_std": 0.02240903990983619,
    "image_norm_c2_over_c1_max": 0.1710570901632309,
    "image_norm_c2_over_c1_mean": 0.018983606016518023,
    "image_norm_c2_over_c1_median": 0.010974539443850517,
    "image_norm_c2_over_c1_min": 3.363469659234397e-05,
    "image_norm_c2_over_c1_p25": 0.004640665953047574,
    "image_norm_c2_over_c1_p75": 0.027508735191076994,
    "image_norm_c2_over_c1_std": 0.02240904010628974,
    "image_raw_c1_energy_max": 9.894428253173828,
    "image_raw_c1_energy_mean": 9.478495845794678,
    "image_raw_c1_energy_median": 9.486980438232422,
    "image_raw_c1_energy_min": 8.603083610534668,
    "image_raw_c1_energy_p25": 9.354653358459473,
    "image_raw_c1_energy_p75": 9.631533861160278,
    "image_raw_c1_energy_std": 0.2142734155003514,
    "image_raw_c2_energy_max": 1.4716185331344604,
    "image_raw_c2_energy_mean": 0.17628512410185068,
    "image_raw_c2_energy_median": 0.1046316884458065,
    "image_raw_c2_energy_min": 0.0003301643009763211,
    "image_raw_c2_energy_p25": 0.04500354453921318,
    "image_raw_c2_energy_p75": 0.26017871499061584,
    "image_raw_c2_energy_std": 0.19923126121402648,
    "image_raw_c2_over_c1_max": 0.1710571050643921,
    "image_raw_c2_over_c1_mean": 0.018983605825633278,
    "image_raw_c2_over_c1_median": 0.01097453897818923,
    "image_raw_c2_over_c1_min": 3.363470023032278e-05,
    "image_raw_c2_over_c1_p25": 0.004640665254555643,
    "image_raw_c2_over_c1_p75": 0.027508733794093132,
    "image_raw_c2_over_c1_std": 0.022409041034133187,
    "norm_c1_energy": 0.9999999910593033,
    "norm_c2_energy": 0.018983605134591925,
    "norm_c2_over_c1": 0.01898360530431858,
    "raw_c1_energy": 9.478495845794678,
    "raw_c2_energy": 0.1762851203775499,
    "raw_c2_over_c1": 0.018598427772246403
  }
}