{
  "checkpoint": "/workspace/yongjia/paper_code/CDDM/MY/checkpoints-cvq-fsqshared16-tailfocus-e2e-vq1e3/cvq_c36_snr9_stage3_best.pth",
  "early_damage_mean": 1.9315002841949458,
  "early_delta_psnr_mean": 0.10177482414245595,
  "early_high_ratio_mean": 0.12207834380946588,
  "elapsed_sec": 179.9598753452301,
  "late_damage_mean": 0.5373455123901355,
  "late_delta_psnr_mean": 0.14422003936767602,
  "late_high_ratio_mean": 0.1774577916280832,
  "latent_ch": 36,
  "max_batches": 0,
  "monotonic_fraction": 0.95,
  "monotonic_nonnegative_steps": 19,
  "ordered_minus_random_permuted_slots_mean": 4.435804708719254,
  "ordered_minus_random_subset_mean": 2.102897091229756,
  "prefix_ch": 16,
  "psnr_m0": 25.758808460235596,
  "psnr_m_full": 28.218757095336915,
  "psnr_m_half": 26.776556701660155,
  "snr_db": 9.0,
  "tail_ch": 20,
  "tail_gain_first_half": 1.0177482414245596,
  "tail_gain_second_half": 1.4422003936767602,
  "tail_gain_total": 2.45994863510132
}