m,ordered_psnr,random_subset_psnr,random_permuted_slots_psnr,ordered_minus_random_subset,ordered_minus_random_permuted_slots,random_trials
1,25.73737382888794,25.516368885040283,25.506919551849364,0.22100494384765668,0.23045427703857513,5
2,25.868222465515135,25.071079349517824,25.259057567596436,0.7971431159973115,0.6091648979186992,5
4,26.038562202453612,23.832672550201416,24.32368004608154,2.2058896522521962,1.7148821563720702,5
8,26.5507515335083,22.064658739089968,21.873412253379822,4.486092794418333,4.6773392801284785,5
10,26.774441986083986,21.867189945220947,20.49122659778595,4.907252040863039,6.283215388298036,5
20,28.221009693145753,28.221009693145753,15.12123744058609,0.0,13.099772252559664,5
