{
  "c1_mode": "rx",
  "eval_images": 100,
  "fit_epochs": 10,
  "fit_images": 8000,
  "group_sizes": [
    4,
    4,
    8,
    8,
    16,
    16,
    32,
    32,
    68,
    68
  ],
  "psnr_c1_zero": 25.315723648071287,
  "psnr_full_c2": 27.28457244873047,
  "psnr_q10": 27.284572296142578,
  "q10_minus_full": -1.5258789076710855e-07
}