{
  "checkpoint": "/workspace/yongjia/paper_code/CDDM/MY-V2/jscc-f/explore-2/checkpoints-continuous-q-mix/cnn-continuous-q-mix-top3-v9mse-ema05fix-e60-v1/continuous_q_mix_receiver_final.pth",
  "checkpoint_epoch": 60,
  "checkpoint_saved_validation_metrics": {
    "condition_shuffle_drop": 9.257433881759644,
    "delta_x1": 0.4898087310791013,
    "evaluated_images": 100.0,
    "fixed_q_mix_audit": 1.0,
    "full_validation": 1.0,
    "goal_met": 0.0,
    "hard_weight_mean": 1.0005106544494629,
    "loss": 0.009376282873563468,
    "loss_final": 0.009376282873563468,
    "loss_final_mse": 0.008316956711933016,
    "loss_u2": 0.009267123327590525,
    "pred_drop_shuffle": 9.257433881759644,
    "pred_drop_zero": 9.840849332809448,
    "psnr_pred": 22.26180061340332,
    "psnr_x1": 21.77199188232422,
    "q2_hat_rms": 0.06798884980380535,
    "receiver_only_audit": 1.0
  },
  "evaluated_states": [
    "raw",
    "ema"
  ],
  "evaluations": {
    "ema": {
      "metrics": {
        "combiner_x1_u2_audit": 1.0,
        "condition_shuffle_drop": 9.257433881759644,
        "crop_protocol_audit": 1.0,
        "delta_x1": 0.4898087310791013,
        "evaluated_images": 100.0,
        "fixed_q_mix_audit": 1.0,
        "full_validation": 1.0,
        "goal_met": 0.0,
        "goal_min_condition_shuffle_drop_db": 0.1,
        "goal_min_delta_db": 0.5,
        "pred_drop_shuffle": 9.257433881759644,
        "pred_drop_zero": 9.840849332809448,
        "psnr_u2_hat": 21.59917320251465,
        "psnr_x1": 21.77199188232422,
        "psnr_x2_hat": 22.26180061340332,
        "q2_hat_rms": 0.06798884980380535,
        "qonly_d2_audit": 1.0,
        "receiver_only_audit": 1.0,
        "runtime_target_no_leak_audit": 1.0,
        "sender_layer2_tripwire_audit": 1.0
      },
      "state_key": "ema_decoder_combiner_state_dict"
    },
    "raw": {
      "metrics": {
        "combiner_x1_u2_audit": 1.0,
        "condition_shuffle_drop": 9.108811445236206,
        "crop_protocol_audit": 1.0,
        "delta_x1": 0.38392223358154354,
        "evaluated_images": 100.0,
        "fixed_q_mix_audit": 1.0,
        "full_validation": 1.0,
        "goal_met": 0.0,
        "goal_min_condition_shuffle_drop_db": 0.1,
        "goal_min_delta_db": 0.5,
        "pred_drop_shuffle": 9.108811445236206,
        "pred_drop_zero": 9.713061990737915,
        "psnr_u2_hat": 21.49469284057617,
        "psnr_x1": 21.77199188232422,
        "psnr_x2_hat": 22.155914115905762,
        "q2_hat_rms": 0.06798884980380535,
        "qonly_d2_audit": 1.0,
        "receiver_only_audit": 1.0,
        "runtime_target_no_leak_audit": 1.0,
        "sender_layer2_tripwire_audit": 1.0
      },
      "state_key": "decoder_combiner_state_dict"
    }
  },
  "evaluator": "eval_continuous_q_mix_receiver.py",
  "fixed_train_selected_q_mix": {
    "ensemble_state": "ema",
    "member_paths": [
      "/workspace/yongjia/paper_code/CDDM/MY-V2/jscc-f/explore-2/checkpoints-continuous-q/cnn-continuous-q-d512-hardp05-v9/continuous_q_receiver_best.pth",
      "/workspace/yongjia/paper_code/CDDM/MY-V2/jscc-f/explore-2/checkpoints-continuous-q/cnn-continuous-q-d512-logmse-lr2e5-v7/continuous_q_receiver_best.pth",
      "/workspace/yongjia/paper_code/CDDM/MY-V2/jscc-f/explore-2/checkpoints-continuous-q/cnn-continuous-q-d512-hardp10-v11/continuous_q_receiver_best.pth"
    ],
    "reference_checkpoint": "/workspace/yongjia/paper_code/CDDM/MY-V2/jscc-f/explore-2/checkpoints-continuous-q/cnn-continuous-q-d512-hardp05-v9/continuous_q_receiver_best.pth",
    "selected_indices": [
      0,
      2,
      4
    ],
    "selection_provenance": {
      "calibration_batches_per_epoch": 0,
      "calibration_epochs": 3,
      "calibration_loss": "log-mse",
      "mode": "train-simplex",
      "selection_loss_target": "train img only",
      "selection_split": "DIV2K train",
      "selection_transform": "RandomCrop(256)+RandomHorizontalFlip+ToTensor"
    },
    "spec_path": "/workspace/yongjia/paper_code/CDDM/MY-V2/jscc-f/explore-2/results-receiver/continuous_q_d512_crossmodel5_train_simplex_top3.json",
    "weights": [
      0.6320984363555908,
      0.33582940697669983,
      0.03207217901945114
    ]
  },
  "layer1": {
    "arch": "cnn",
    "latent_channels": 16,
    "source_checkpoint": "MY-V2/jscc-f/checkpoints/jscc_f_cnn-stage2-no_compressor-gpu2_layer2_v2_no_compressor_combiner_best.pth"
  },
  "post_q_initializer": null,
  "post_q_state_source": "saved_qmix_checkpoint",
  "read_only_checkpoint_evaluation": true,
  "receiver_contract": {
    "decode_path": "q2_hat -> one_saved_D2 -> combiner(x1,u2_hat) -> x2_hat",
    "deployment_inputs": [
      "z1",
      "x1"
    ],
    "forbidden_inputs": [
      "img",
      "oracle_indices",
      "q2",
      "z2"
    ],
    "generation": "fixed_train_selected_sum_i(w_i*G_i(z1,x1)) -> q2_hat",
    "raw_image_role": "Layer1 condition source and post-forward metric target only",
    "sender_layer2_tripwire": true
  },
  "validation": {
    "crop_protocol": "train RandomCrop(256)+RandomHorizontalFlip+ToTensor; val CenterCrop(256)+ToTensor",
    "dataset": "DIV2K validation",
    "expected_images": 100,
    "train_transform_guard": "Compose(\n    RandomCrop(size=(256, 256), padding=None)\n    RandomHorizontalFlip(p=0.5)\n    ToTensor()\n)",
    "transform": "Compose(\n    CenterCrop(size=(256, 256))\n    ToTensor()\n)"
  }
}
