{
  "checkpoint": "/workspace/yongjia/paper_code/CDDM/MY-V2/jscc-f/explore-2/checkpoints-continuous-q/cnn-continuous-q-d512-d1init-v1/continuous_q_receiver_best.pth",
  "checkpoint_epoch": 95,
  "receiver_contract": {
    "deployment_inputs": [
      "z1",
      "x1"
    ],
    "forbidden_inputs": [
      "img",
      "z2",
      "q2",
      "oracle_indices"
    ],
    "calibration_source": "DIV2K train only"
  },
  "alpha_grid": [
    0.0,
    0.02500000037252903,
    0.05000000074505806,
    0.07500000298023224,
    0.10000000149011612,
    0.125,
    0.15000000596046448,
    0.17499999701976776,
    0.20000000298023224,
    0.22500000894069672,
    0.25,
    0.2750000059604645,
    0.30000001192092896,
    0.32500001788139343,
    0.3499999940395355,
    0.375,
    0.4000000059604645,
    0.42500001192092896,
    0.45000001788139343,
    0.4749999940395355,
    0.5,
    0.5250000357627869,
    0.550000011920929,
    0.574999988079071,
    0.6000000238418579,
    0.625,
    0.6500000357627869,
    0.675000011920929,
    0.699999988079071,
    0.7250000238418579,
    0.75,
    0.7750000357627869,
    0.800000011920929,
    0.824999988079071,
    0.8500000238418579,
    0.875,
    0.9000000357627869,
    0.925000011920929,
    0.949999988079071,
    0.9750000238418579,
    1.0,
    1.024999976158142,
    1.0499999523162842,
    1.0749999284744263,
    1.100000023841858,
    1.125,
    1.149999976158142,
    1.1749999523162842,
    1.2000000476837158,
    1.225000023841858,
    1.25,
    1.274999976158142,
    1.2999999523162842,
    1.3250000476837158,
    1.350000023841858,
    1.375,
    1.399999976158142,
    1.4249999523162842,
    1.4500000476837158,
    1.475000023841858,
    1.5,
    1.524999976158142,
    1.5499999523162842,
    1.5750000476837158,
    1.600000023841858,
    1.625,
    1.649999976158142,
    1.6749999523162842,
    1.7000000476837158,
    1.725000023841858,
    1.75,
    1.774999976158142,
    1.7999999523162842,
    1.8250000476837158,
    1.850000023841858,
    1.875,
    1.899999976158142,
    1.9249999523162842,
    1.9500000476837158,
    1.975000023841858,
    2.0
  ],
  "train_selected": {
    "alpha": 0.9000000357627869,
    "train_psnr": 24.037887234687805,
    "val_psnr": 22.09882022857666,
    "val_delta_x1": 0.32682834625244084
  },
  "validation_diagnostic_ceiling": {
    "not_for_promotion": true,
    "alpha": 1.0499999523162842,
    "val_psnr": 22.10508373260498,
    "val_delta_x1": 0.3330918502807627
  },
  "train": {
    "mean_psnr": [
      23.572411522865295,
      23.59573707342148,
      23.618648679256438,
      23.64113074541092,
      23.663167402744293,
      23.684742131233214,
      23.705838131904603,
      23.726438100337983,
      23.746524260044097,
      23.76607922554016,
      23.78508463382721,
      23.803522539138793,
      23.821375386714934,
      23.8386253619194,
      23.855254981517792,
      23.871248054504395,
      23.886587688922884,
      23.901258940696717,
      23.91524666786194,
      23.928536520004272,
      23.941115367412568,
      23.952970004081727,
      23.96408877134323,
      23.974459998607635,
      23.98407326221466,
      23.992918806076048,
      24.000987777709963,
      24.008272309303283,
      24.014765956401824,
      24.020462856292724,
      24.025359489917754,
      24.02945289134979,
      24.032742159366606,
      24.035227556228637,
      24.03691104412079,
      24.037795882225037,
      24.037887234687805,
      24.037190692424772,
      24.035713739395142,
      24.033464238643646,
      24.03045151948929,
      24.02681689977646,
      24.022458930015564,
      24.017389285564423,
      24.011621162891387,
      24.005167632102967,
      23.99804139852524,
      23.990254781246186,
      23.981819212436676,
      23.972747068405152,
      23.963050773143767,
      23.952742903232576,
      23.941834433078768,
      23.930338244438172,
      23.918267495632172,
      23.905634889602663,
      23.892453606128694,
      23.878736839294433,
      23.864498407840728,
      23.84975290298462,
      23.834514605998994,
      23.818796243667602,
      23.802610511779786,
      23.785972979068756,
      23.76890047073364,
      23.75140679359436,
      23.733505778312683,
      23.715211753845214,
      23.696536910533904,
      23.6774920463562,
      23.658085289001466,
      23.638325831890107,
      23.618223061561583,
      23.597786450386046,
      23.57702703952789,
      23.555954654216766,
      23.534578771591185,
      23.512909619808198,
      23.49095541715622,
      23.468725810050966,
      23.44623021841049
    ],
    "psnr_x1": 23.572411530017852,
    "psnr_receiver": 24.030451521873474,
    "images": 800
  },
  "validation": {
    "mean_psnr": [
      21.77199192047119,
      21.786961669921876,
      21.80165168762207,
      21.816057205200195,
      21.830172500610352,
      21.843991889953614,
      21.85751003265381,
      21.870721054077148,
      21.883619842529296,
      21.896200370788574,
      21.908457221984865,
      21.92038528442383,
      21.9319787979126,
      21.94323261260986,
      21.954141387939455,
      21.964700813293458,
      21.974904518127442,
      21.98474925994873,
      21.994229125976563,
      22.003340606689452,
      22.01207935333252,
      22.020441246032714,
      22.02842288970947,
      22.036020278930664,
      22.043230628967287,
      22.05005172729492,
      22.05647975921631,
      22.062513427734373,
      22.068150215148925,
      22.073388862609864,
      22.078227729797362,
      22.0826651763916,
      22.086701049804688,
      22.090335121154784,
      22.093566131591796,
      22.096394348144532,
      22.09882022857666,
      22.100844268798827,
      22.10246635437012,
      22.10368808746338,
      22.10451026916504,
      22.104993324279786,
      22.10508373260498,
      22.104784545898436,
      22.104095726013185,
      22.10302089691162,
      22.101561851501465,
      22.099724464416504,
      22.097520599365236,
      22.094958190917968,
      22.092041549682616,
      22.088768234252928,
      22.085138893127443,
      22.081156997680665,
      22.076823234558105,
      22.072143516540528,
      22.067118377685546,
      22.061748847961425,
      22.05603816986084,
      22.049992790222166,
      22.04361461639404,
      22.036905937194824,
      22.029871139526367,
      22.022509765625,
      22.01482540130615,
      22.00682228088379,
      21.99850383758545,
      21.989873733520508,
      21.98093563079834,
      21.971693115234373,
      21.962151985168457,
      21.952318878173827,
      21.942200698852538,
      21.931805000305175,
      21.921138305664062,
      21.91020637512207,
      21.899016036987305,
      21.887571601867677,
      21.87587413787842,
      21.863926239013672,
      21.851726036071778
    ],
    "psnr_x1": 21.77199188232422,
    "psnr_receiver": 22.104510192871093,
    "images": 100
  },
  "full_validation": 1.0,
  "receiver_only_audit": 1.0
}
