{
  "checkpoint": "/workspace/yongjia/paper_code/CDDM/MY-V2/jscc-f/explore-2/checkpoints-continuous-q/cnn-continuous-q-d512-hardp05-v9/continuous_q_receiver_best.pth",
  "checkpoint_epoch": 60,
  "receiver_contract": {
    "deployment_inputs": [
      "z1",
      "x1"
    ],
    "forbidden_inputs": [
      "img",
      "z2",
      "q2",
      "oracle_indices"
    ],
    "calibration_source": "DIV2K train only"
  },
  "alpha_grid": [
    0.0,
    0.02500000037252903,
    0.05000000074505806,
    0.07500000298023224,
    0.10000000149011612,
    0.125,
    0.15000000596046448,
    0.17499999701976776,
    0.20000000298023224,
    0.22500000894069672,
    0.25,
    0.2750000059604645,
    0.30000001192092896,
    0.32500001788139343,
    0.3499999940395355,
    0.375,
    0.4000000059604645,
    0.42500001192092896,
    0.45000001788139343,
    0.4749999940395355,
    0.5,
    0.5250000357627869,
    0.550000011920929,
    0.574999988079071,
    0.6000000238418579,
    0.625,
    0.6500000357627869,
    0.675000011920929,
    0.699999988079071,
    0.7250000238418579,
    0.75,
    0.7750000357627869,
    0.800000011920929,
    0.824999988079071,
    0.8500000238418579,
    0.875,
    0.9000000357627869,
    0.925000011920929,
    0.949999988079071,
    0.9750000238418579,
    1.0,
    1.024999976158142,
    1.0499999523162842,
    1.0749999284744263,
    1.100000023841858,
    1.125,
    1.149999976158142,
    1.1749999523162842,
    1.2000000476837158,
    1.225000023841858,
    1.25,
    1.274999976158142,
    1.2999999523162842,
    1.3250000476837158,
    1.350000023841858,
    1.375,
    1.399999976158142,
    1.4249999523162842,
    1.4500000476837158,
    1.475000023841858,
    1.5,
    1.524999976158142,
    1.5499999523162842,
    1.5750000476837158,
    1.600000023841858,
    1.625,
    1.649999976158142,
    1.6749999523162842,
    1.7000000476837158,
    1.725000023841858,
    1.75,
    1.774999976158142,
    1.7999999523162842,
    1.8250000476837158,
    1.850000023841858,
    1.875,
    1.899999976158142,
    1.9249999523162842,
    1.9500000476837158,
    1.975000023841858,
    2.0
  ],
  "train_selected": {
    "alpha": 0.8500000238418579,
    "train_psnr": 24.36523621559143,
    "val_psnr": 22.161687812805177,
    "val_delta_x1": 0.38969593048095774
  },
  "validation_diagnostic_ceiling": {
    "not_for_promotion": true,
    "alpha": 0.949999988079071,
    "val_psnr": 22.16614158630371,
    "val_delta_x1": 0.39414970397949034
  },
  "train": {
    "mean_psnr": [
      23.796691575050353,
      23.82600995540619,
      23.854832739830016,
      23.88313805103302,
      23.910903301239014,
      23.938104901313782,
      23.964718761444093,
      23.99071949481964,
      24.01608133792877,
      24.040777764320374,
      24.064780945777894,
      24.088063449859618,
      24.110596227645875,
      24.13235067844391,
      24.15329789161682,
      24.173408823013304,
      24.192654886245727,
      24.211007838249206,
      24.228440079689026,
      24.244925365447997,
      24.260438122749328,
      24.274954500198366,
      24.288451800346376,
      24.300909447669984,
      24.312308373451234,
      24.32263128757477,
      24.33186320781708,
      24.33999069213867,
      24.347002658843994,
      24.35288944721222,
      24.357643609046935,
      24.36125961303711,
      24.36373242378235,
      24.365058913230897,
      24.36523621559143,
      24.364262180328367,
      24.362133975028993,
      24.358847823143005,
      24.354398975372316,
      24.34878071784973,
      24.341984844207765,
      24.334233508110046,
      24.325393447875978,
      24.315471405982972,
      24.30447781085968,
      24.292433710098265,
      24.279372277259828,
      24.265337438583373,
      24.250378723144532,
      24.234544806480407,
      24.2178790807724,
      24.200423283576967,
      24.182214636802673,
      24.163286452293395,
      24.14366966724396,
      24.123392362594604,
      24.102480425834656,
      24.080957202911378,
      24.05884322166443,
      24.036158361434936,
      24.01291874885559,
      23.989143314361574,
      23.964849343299864,
      23.94005286693573,
      23.91477161884308,
      23.889019055366518,
      23.862808504104613,
      23.83615426540375,
      23.809072394371032,
      23.781578722000123,
      23.753689212799074,
      23.725418968200685,
      23.696784024238585,
      23.667799596786498,
      23.638481125831603,
      23.60884467601776,
      23.578904585838316,
      23.54867566585541,
      23.518170981407167,
      23.487403769493103,
      23.45638524055481
    ],
    "psnr_x1": 23.796691598892213,
    "psnr_receiver": 24.341984844207765,
    "images": 800
  },
  "validation": {
    "mean_psnr": [
      21.77199192047119,
      21.790858764648437,
      21.809376258850097,
      21.827536544799806,
      21.84532947540283,
      21.86274684906006,
      21.879778099060058,
      21.896414489746093,
      21.912646026611327,
      21.928463058471678,
      21.943855514526366,
      21.958813285827638,
      21.973326873779296,
      21.987385330200194,
      22.00097927093506,
      22.014098510742187,
      22.026732673645018,
      22.038872604370116,
      22.050508422851564,
      22.06163082122803,
      22.07223003387451,
      22.082297325134277,
      22.09182487487793,
      22.100804100036623,
      22.10922752380371,
      22.117088356018066,
      22.1243798828125,
      22.131096725463866,
      22.137233428955078,
      22.14278606414795,
      22.14775093078613,
      22.15212516784668,
      22.155906639099122,
      22.159094429016115,
      22.161687812805177,
      22.163687782287596,
      22.165095291137696,
      22.165912322998047,
      22.16614158630371,
      22.16578666687012,
      22.164851951599122,
      22.163391647338866,
      22.161382026672364,
      22.158830642700195,
      22.15573932647705,
      22.15211269378662,
      22.14795597076416,
      22.143277854919432,
      22.13808494567871,
      22.132384376525877,
      22.12618392944336,
      22.119494209289552,
      22.112323341369628,
      22.104680595397948,
      22.09657402038574,
      22.088017578125,
      22.07902400970459,
      22.069603271484375,
      22.0597607421875,
      22.04950496673584,
      22.03884548187256,
      22.027788352966308,
      22.016343154907226,
      22.004517707824707,
      21.9923246383667,
      21.97977020263672,
      21.96686252593994,
      21.95361053466797,
      21.940020942687987,
      21.92610122680664,
      21.911855545043945,
      21.897288970947265,
      21.882406845092774,
      21.867215614318848,
      21.851719207763672,
      21.835923957824708,
      21.81983573913574,
      21.803459243774412,
      21.78679946899414,
      21.769859771728516,
      21.752646293640137
    ],
    "psnr_x1": 21.77199188232422,
    "psnr_receiver": 22.164851989746094,
    "images": 100
  },
  "full_validation": 1.0,
  "receiver_only_audit": 1.0
}
