{
  "args": {
    "batch_size": 16,
    "ckpt": "MY/jscc-no-awgn/cvq_v2_c36_stage0_v2_best_c1distill-c16.pth",
    "cpu": false,
    "crop": "center",
    "data_dir": "/workspace/yongjia/datasets/DIV2K",
    "max_images": 0,
    "num_workers": 0,
    "out_dir": "MY/train_cvq-v2/eval/outputs/cvq_v2_c36_snr12_stage1_best_valid_c1_c2_energy-v2",
    "seed": 20260610,
    "test_batch": 1,
    "val_num_workers": 0
  },
  "checkpoint": {
    "c1_ch": 16,
    "c2_ch": 20,
    "epoch": 775,
    "latent_ch": 36,
    "path": "/workspace/yongjia/paper_code/CDDM/MY/jscc-no-awgn/cvq_v2_c36_stage0_v2_best_c1distill-c16.pth",
    "route": "cvq_v2_stage0_v2_c36_no_channel_c1_distill_c16_c2_recon",
    "stage": "stage0_v2"
  },
  "script": "/workspace/yongjia/paper_code/CDDM/MY/train_cvq-v2/eval/eval_c1_c2_energy.py",
  "summary": {
    "eval_images": 100,
    "image_norm_c1_energy_max": 4.343235015869141,
    "image_norm_c1_energy_mean": 3.465213453769684,
    "image_norm_c1_energy_median": 3.416604518890381,
    "image_norm_c1_energy_min": 3.0689339637756348,
    "image_norm_c1_energy_p25": 3.2724565267562866,
    "image_norm_c1_energy_p75": 3.620279014110565,
    "image_norm_c1_energy_std": 0.245792877374892,
    "image_norm_c2_energy_max": 2.3602757453918457,
    "image_norm_c2_energy_mean": 1.3639139252901078,
    "image_norm_c2_energy_median": 1.340058445930481,
    "image_norm_c2_energy_min": 0.8531796336174011,
    "image_norm_c2_energy_p25": 1.2353191375732422,
    "image_norm_c2_energy_p75": 1.4923426508903503,
    "image_norm_c2_energy_std": 0.24927585516075296,
    "image_norm_c2_over_c1_max": 0.5551509857177734,
    "image_norm_c2_over_c1_mean": 0.39159668803215025,
    "image_norm_c2_over_c1_median": 0.3924392908811569,
    "image_norm_c2_over_c1_min": 0.2608330547809601,
    "image_norm_c2_over_c1_p25": 0.3601827695965767,
    "image_norm_c2_over_c1_p75": 0.4160076081752777,
    "image_norm_c2_over_c1_std": 0.049887177695298615,
    "image_raw_c1_energy_max": 4.343235015869141,
    "image_raw_c1_energy_mean": 3.465213453769684,
    "image_raw_c1_energy_median": 3.416604518890381,
    "image_raw_c1_energy_min": 3.0689339637756348,
    "image_raw_c1_energy_p25": 3.2724565267562866,
    "image_raw_c1_energy_p75": 3.620279014110565,
    "image_raw_c1_energy_std": 0.245792877374892,
    "image_raw_c2_energy_max": 2.3602757453918457,
    "image_raw_c2_energy_mean": 1.3639139252901078,
    "image_raw_c2_energy_median": 1.340058445930481,
    "image_raw_c2_energy_min": 0.8531796336174011,
    "image_raw_c2_energy_p25": 1.2353191375732422,
    "image_raw_c2_energy_p75": 1.4923426508903503,
    "image_raw_c2_energy_std": 0.24927585516075296,
    "image_raw_c2_over_c1_max": 0.5551509857177734,
    "image_raw_c2_over_c1_mean": 0.39159668803215025,
    "image_raw_c2_over_c1_median": 0.3924392908811569,
    "image_raw_c2_over_c1_min": 0.2608330547809601,
    "image_raw_c2_over_c1_p25": 0.3601827695965767,
    "image_raw_c2_over_c1_p75": 0.4160076081752777,
    "image_raw_c2_over_c1_std": 0.049887177695298615,
    "norm_c1_energy": 3.465213453769684,
    "norm_c2_energy": 1.3639139013290404,
    "norm_c2_over_c1": 0.3936016985751012,
    "raw_c1_energy": 3.465213453769684,
    "raw_c2_energy": 1.3639139013290404,
    "raw_c2_over_c1": 0.3936016985751012
  }
}