{
  "checkpoint": "/workspace/yongjia/paper_code/CDDM/MY/checkpoints-cvq/cvq_c36_snr9_stage3_best.pth",
  "early_damage_mean": 0.0032186508178710938,
  "early_delta_psnr_mean": 0.00026798248291015625,
  "early_high_ratio_mean": 0.021208429313264787,
  "elapsed_sec": 2.570927381515503,
  "late_damage_mean": 0.00030803680419921875,
  "late_delta_psnr_mean": -0.00032978057861328126,
  "late_high_ratio_mean": 0.0693719107657671,
  "latent_ch": 36,
  "max_batches": 1,
  "monotonic_fraction": 0.6,
  "monotonic_nonnegative_steps": 12,
  "ordered_minus_random_permuted_slots_mean": 0.03220907847086588,
  "ordered_minus_random_subset_mean": -0.0028874079386393228,
  "prefix_ch": 16,
  "psnr_m0": 30.49832534790039,
  "psnr_m_full": 30.49770736694336,
  "psnr_m_half": 30.501005172729492,
  "snr_db": 9.0,
  "tail_ch": 20,
  "tail_gain_first_half": 0.0026798248291015625,
  "tail_gain_second_half": -0.0032978057861328125,
  "tail_gain_total": -0.00061798095703125
}