m,ordered_psnr,random_subset_psnr,random_permuted_slots_psnr,ordered_minus_random_subset,ordered_minus_random_permuted_slots,random_trials
1,30.527912139892578,30.532094955444336,30.531932830810547,-0.0041828155517578125,-0.00402069091796875,1
2,30.525760650634766,30.532001495361328,30.531841278076172,-0.0062408447265625,-0.00608062744140625,1
4,30.528186798095703,30.53474235534668,30.524093627929688,-0.0065555572509765625,0.004093170166015625,1
8,30.533920288085938,30.522592544555664,30.470848083496094,0.011327743530273438,0.06307220458984375,1
10,30.523696899414062,30.535369873046875,30.480438232421875,-0.0116729736328125,0.0432586669921875,1
20,30.52524185180664,30.52524185180664,30.432310104370117,0.0,0.09293174743652344,1
