{
  "args": {
    "batch_size": 16,
    "ckpt": "MY/VQ-Stage1/cvq_v2_c36_snr12_stage1_latest-v2.pth",
    "cpu": false,
    "crop": "center",
    "data_dir": "/workspace/yongjia/datasets/DIV2K",
    "max_images": 0,
    "num_workers": 0,
    "out_dir": "MY/train_cvq-v2/eval/outputs/compare_A_stage1_latest_c1_c2_energy",
    "seed": 20260610,
    "test_batch": 1,
    "val_num_workers": 0
  },
  "checkpoint": {
    "c1_ch": 16,
    "c2_ch": 20,
    "epoch": 800,
    "latent_ch": 36,
    "path": "/workspace/yongjia/paper_code/CDDM/MY/VQ-Stage1/cvq_v2_c36_snr12_stage1_latest-v2.pth",
    "route": "cvq_v2_c36_c1_16_c2_20_k16384",
    "stage": "stage1"
  },
  "script": "/workspace/yongjia/paper_code/CDDM/MY/train_cvq-v2/eval/eval_c1_c2_energy.py",
  "summary": {
    "eval_images": 100,
    "image_norm_c1_energy_max": 1.0000001192092896,
    "image_norm_c1_energy_mean": 0.9999999576807022,
    "image_norm_c1_energy_median": 1.0,
    "image_norm_c1_energy_min": 0.9999997615814209,
    "image_norm_c1_energy_p25": 0.9999998807907104,
    "image_norm_c1_energy_p75": 1.0,
    "image_norm_c1_energy_std": 7.693156515705216e-08,
    "image_norm_c2_energy_max": 0.5824904441833496,
    "image_norm_c2_energy_mean": 0.14562411163002253,
    "image_norm_c2_energy_median": 0.12309938296675682,
    "image_norm_c2_energy_min": 0.05398397520184517,
    "image_norm_c2_energy_p25": 0.10006735287606716,
    "image_norm_c2_energy_p75": 0.18350142985582352,
    "image_norm_c2_energy_std": 0.07176131678072155,
    "image_norm_c2_over_c1_max": 0.5824904441833496,
    "image_norm_c2_over_c1_mean": 0.14562411773949863,
    "image_norm_c2_over_c1_median": 0.12309939786791801,
    "image_norm_c2_over_c1_min": 0.053983982652425766,
    "image_norm_c2_over_c1_p25": 0.10006735287606716,
    "image_norm_c2_over_c1_p75": 0.1835014410316944,
    "image_norm_c2_over_c1_std": 0.07176131776275528,
    "image_raw_c1_energy_max": 0.5824557542800903,
    "image_raw_c1_energy_mean": 0.2892295052111149,
    "image_raw_c1_energy_median": 0.28101423382759094,
    "image_raw_c1_energy_min": 0.16940312087535858,
    "image_raw_c1_energy_p25": 0.24311185628175735,
    "image_raw_c1_energy_p75": 0.3236563727259636,
    "image_raw_c1_energy_std": 0.06484036669858644,
    "image_raw_c2_energy_max": 0.33927494287490845,
    "image_raw_c2_energy_mean": 0.04396896561607719,
    "image_raw_c2_energy_median": 0.03425689414143562,
    "image_raw_c2_energy_min": 0.017793891951441765,
    "image_raw_c2_energy_p25": 0.024881016928702593,
    "image_raw_c2_energy_p75": 0.0536609785631299,
    "image_raw_c2_energy_std": 0.036002451901257365,
    "image_raw_c2_over_c1_max": 0.5824905037879944,
    "image_raw_c2_over_c1_mean": 0.14562411826103927,
    "image_raw_c2_over_c1_median": 0.12309940531849861,
    "image_raw_c2_over_c1_min": 0.05398397892713547,
    "image_raw_c2_over_c1_p25": 0.10006734915077686,
    "image_raw_c2_over_c1_p75": 0.18350143358111382,
    "image_raw_c2_over_c1_std": 0.07176132082027176,
    "norm_c1_energy": 0.9999999576807022,
    "norm_c2_energy": 0.14562410932779313,
    "norm_c2_over_c1": 0.14562411549050344,
    "raw_c1_energy": 0.2892295052111149,
    "raw_c2_energy": 0.043968964621424675,
    "raw_c2_over_c1": 0.15202102077839802
  }
}