{
  "checkpoint": "/workspace/yongjia/paper_code/CDDM/MY/checkpoints-cvq-v2-v01-c36-snr9-k4096/cvq_v2_v01_c36_snr9_k4096_stage1_best.pth",
  "early_damage_mean": 0.12113594818115239,
  "early_delta_psnr_mean": 0.08548468494415289,
  "early_high_ratio_mean": 0.13535687950300052,
  "elapsed_sec": 170.73464584350586,
  "late_damage_mean": 0.1209643325805672,
  "late_delta_psnr_mean": 0.10727589035034199,
  "late_high_ratio_mean": 0.16463681326247753,
  "latent_ch": 36,
  "max_batches": 0,
  "monotonic_fraction": 1.0,
  "monotonic_nonnegative_steps": 20,
  "ordered_minus_random_permuted_slots_mean": 1.4323705231348665,
  "ordered_minus_random_subset_mean": -0.00028686491648481177,
  "prefix_ch": 16,
  "psnr_m0": 25.200197534561156,
  "psnr_m_full": 27.127803287506104,
  "psnr_m_half": 26.055044384002684,
  "snr_db": 9.0,
  "tail_ch": 20,
  "tail_gain_first_half": 0.8548468494415289,
  "tail_gain_second_half": 1.07275890350342,
  "tail_gain_total": 1.9276057529449488
}