m,ordered_psnr,random_subset_psnr,random_permuted_slots_psnr,ordered_minus_random_subset,ordered_minus_random_permuted_slots,random_trials
1,25.264141464233397,25.27540588951111,25.1266187877655,-0.01126442527771232,0.13752267646789562,5
2,25.361314249038696,25.35609471511841,25.05865212059021,0.005219533920286068,0.3026621284484854,5
4,25.53039786338806,25.528833011627196,24.876281618118288,0.0015648517608646273,0.6541162452697726,5
8,25.882516117095946,25.875659385681153,24.47490195274353,0.006856731414792705,1.4076141643524167,5
10,26.05686758041382,26.06096546173096,24.217174310684204,-0.004097881317139951,1.839693269729615,5
20,27.13118272781372,27.13118272781372,22.878568073272707,0.0,4.252614654541013,5
