sampler,sample_init,ensemble,steps,t_start,base_psnr,refiner_psnr,diff_psnr,gain,gain_vs_refiner
freq_guided,zero,1,30,300,20.73238217353821,22.169263677597044,22.120523700714113,1.3881415271759039,-0.0487399768829313
