checkpoint,checkpoint_epoch,crop,test_batch,loss_c1_only,loss_no_quant,loss_quantized,loss_random_code,loss_shuffle_code,psnr_c1_only,psnr_no_quant,psnr_quantized,psnr_random_code,psnr_shuffle_code,norm_c1_energy,norm_c2_energy,quant_mse,q_c2_energy,eval_images,delta_psnr_full_minus_c1,delta_psnr_no_quant_minus_c1,delta_psnr_random_minus_c1,delta_psnr_shuffle_minus_c1,norm_c2_over_c1,q_c2_over_z_c2_energy,codebook_used,codebook_usage,codebook_entropy_bits,codebook_perplexity,codebook_top1_ratio,codebook_top10_ratio,codebook_energy,codebook_l2_mean
/workspace/yongjia/paper_code/CDDM/MY/VQ-Stage1/cvq_v2_c36_snr12_stage1_latest-v2.pth,800,center,4,0.014987041614949704,0.015120057426393031,0.013074986636638641,0.014985940381884576,0.014674281030893325,18.466547622680665,18.559697647094726,19.062576599121094,18.466669311523436,18.561932830810548,0.9999999523162841,0.14562416285276414,0.09198374554514885,0.04435213290154934,100.0,0.5960289764404294,0.0931500244140615,0.00012168884277130587,0.09538520812988338,0.14562416979666568,0.3045657535995063,1125.0,0.06866455078125,8.95708159287153,496.99295559560886,0.089,0.22499999999999998,0.0009871688671410084,0.4271358549594879
