{
  "args": {
    "batch_size": 16,
    "ckpt": "MY/VQ-Stage1/cvq_v2_c36_snr12_stage1_latest-v2.pth",
    "cpu": false,
    "crop": "center",
    "data_dir": "/workspace/yongjia/datasets/DIV2K",
    "max_images": 0,
    "num_workers": 0,
    "out_dir": "MY/train_cvq-v2/eval/outputs/compare_A_stage1_latest_codebook_information",
    "seed": 20260610,
    "test_batch": 4,
    "val_num_workers": 0
  },
  "checkpoint": {
    "checkpoint": "/workspace/yongjia/paper_code/CDDM/MY/VQ-Stage1/cvq_v2_c36_snr12_stage1_latest-v2.pth",
    "checkpoint_epoch": 800,
    "codebook_energy": 0.0009871688671410084,
    "codebook_entropy_bits": 8.95708159287153,
    "codebook_l2_mean": 0.4271358549594879,
    "codebook_perplexity": 496.99295559560886,
    "codebook_top10_ratio": 0.22499999999999998,
    "codebook_top1_ratio": 0.089,
    "codebook_usage": 0.06866455078125,
    "codebook_used": 1125.0,
    "crop": "center",
    "delta_psnr_full_minus_c1": 0.5960289764404294,
    "delta_psnr_no_quant_minus_c1": 0.0931500244140615,
    "delta_psnr_random_minus_c1": 0.00012168884277130587,
    "delta_psnr_shuffle_minus_c1": 0.09538520812988338,
    "eval_images": 100.0,
    "loss_c1_only": 0.014987041614949704,
    "loss_no_quant": 0.015120057426393031,
    "loss_quantized": 0.013074986636638641,
    "loss_random_code": 0.014985940381884576,
    "loss_shuffle_code": 0.014674281030893325,
    "norm_c1_energy": 0.9999999523162841,
    "norm_c2_energy": 0.14562416285276414,
    "norm_c2_over_c1": 0.14562416979666568,
    "psnr_c1_only": 18.466547622680665,
    "psnr_no_quant": 18.559697647094726,
    "psnr_quantized": 19.062576599121094,
    "psnr_random_code": 18.466669311523436,
    "psnr_shuffle_code": 18.561932830810548,
    "q_c2_energy": 0.04435213290154934,
    "q_c2_over_z_c2_energy": 0.3045657535995063,
    "quant_mse": 0.09198374554514885,
    "test_batch": 4
  },
  "metrics": {
    "codebook_energy": 0.0009871688671410084,
    "codebook_entropy_bits": 8.95708159287153,
    "codebook_l2_mean": 0.4271358549594879,
    "codebook_perplexity": 496.99295559560886,
    "codebook_top10_ratio": 0.22499999999999998,
    "codebook_top1_ratio": 0.089,
    "codebook_usage": 0.06866455078125,
    "codebook_used": 1125.0,
    "delta_psnr_full_minus_c1": 0.5960289764404294,
    "delta_psnr_no_quant_minus_c1": 0.0931500244140615,
    "delta_psnr_random_minus_c1": 0.00012168884277130587,
    "delta_psnr_shuffle_minus_c1": 0.09538520812988338,
    "eval_images": 100.0,
    "loss_c1_only": 0.014987041614949704,
    "loss_no_quant": 0.015120057426393031,
    "loss_quantized": 0.013074986636638641,
    "loss_random_code": 0.014985940381884576,
    "loss_shuffle_code": 0.014674281030893325,
    "norm_c1_energy": 0.9999999523162841,
    "norm_c2_energy": 0.14562416285276414,
    "norm_c2_over_c1": 0.14562416979666568,
    "psnr_c1_only": 18.466547622680665,
    "psnr_no_quant": 18.559697647094726,
    "psnr_quantized": 19.062576599121094,
    "psnr_random_code": 18.466669311523436,
    "psnr_shuffle_code": 18.561932830810548,
    "q_c2_energy": 0.04435213290154934,
    "q_c2_over_z_c2_energy": 0.3045657535995063,
    "quant_mse": 0.09198374554514885
  }
}