{
  "checkpoint": "/workspace/yongjia/paper_code/CDDM/MY-V2/jscc-f/checkpoints-ar-ifsq/jscc_f_ifsq-prefix-ar-k125_stage_ifsq_ar_fsq_l5x5x5_best.pth",
  "epoch": 40,
  "device": "cuda:0",
  "train_images": 768,
  "val_images": 100,
  "vocabulary": 125,
  "train_mode_accuracy": 0.15755208333333334,
  "val_mode_accuracy": 0.1,
  "modes": {
    "z1": {
      "ce": 3.8290733337402343,
      "nll_bits": 5.524185109787207,
      "perplexity": 46.01987340527545,
      "accuracy": 0.06
    },
    "x1": {
      "ce": 3.879933319091797,
      "nll_bits": 5.5975605584335915,
      "perplexity": 48.42098620835815,
      "accuracy": 0.08
    },
    "z1_x1": {
      "ce": 3.844053955078125,
      "nll_bits": 5.545797577900817,
      "perplexity": 46.71446945296599,
      "accuracy": 0.07
    }
  }
}
