{
  "checkpoint": "/workspace/yongjia/paper_code/CDDM/MY-V2/jscc-f/checkpoints-ar-ifsq/jscc_f_ifsq-prefix-ar-k125_stage_ifsq_ar_fsq_l5x5x5_latest.pth",
  "epoch": 75,
  "device": "cuda:0",
  "images": 20,
  "rollout_steps": 64,
  "max_cache_error": 4.5299530029296875e-06,
  "teacher_ce": 3.623309350013733,
  "generated_prefix_ce": 6.147789478302002,
  "teacher_accuracy": 0.11406250298023224,
  "rollout_accuracy": 0.04921874776482582,
  "first_token_teacher_accuracy": 0.05,
  "first_token_rollout_accuracy": 0.05,
  "prefix_exact_at_16": 0.0,
  "prefix_exact_at_64": 0.0,
  "prefix_exact_at_128": 0.0,
  "prefix_exact_at_256": null,
  "conditional_accuracy_bins": {
    "0:16": 0.0031250000465661287,
    "16:64": 0.0
  },
  "teacher_accuracy_bins": {
    "0:16": 0.16875000298023224,
    "16:64": 0.09583333134651184
  },
  "rollout_accuracy_bins": {
    "0:16": 0.08750000596046448,
    "16:64": 0.0364583320915699
  },
  "prefix_exact_bins": {
    "0:16": 0.0031250000465661287,
    "16:64": 0.0
  },
  "target_mode_accuracy_mean": 0.12421874701976776,
  "target_entropy_bits_mean": 68.97233581542969,
  "generated_entropy_bits": 4.304777145385742,
  "generated_unique_tokens": 34,
  "image_metrics": null
}
