checkpoint,checkpoint_epoch,crop,test_batch,loss_c1_only,loss_no_quant,loss_quantized,loss_random_code,loss_shuffle_code,psnr_c1_only,psnr_no_quant,psnr_quantized,psnr_random_code,psnr_shuffle_code,norm_c1_energy,norm_c2_energy,quant_mse,q_c2_energy,eval_images,delta_psnr_full_minus_c1,delta_psnr_no_quant_minus_c1,delta_psnr_random_minus_c1,delta_psnr_shuffle_minus_c1,norm_c2_over_c1,q_c2_over_z_c2_energy,codebook_used,codebook_usage,codebook_entropy_bits,codebook_perplexity,codebook_top1_ratio,codebook_top10_ratio,codebook_energy,codebook_l2_mean
/workspace/yongjia/paper_code/CDDM/MY/VQ-Stage1/cvq_v2_c36_snr12_stage1_latest-v2-random_normal-withc1.pth,800,center,4,0.002927891700528562,0.003001286564394832,0.002837739584501833,0.002966830974910408,0.0030064439587295056,27.419224014282225,27.456299591064454,27.563222732543945,27.337574005126953,27.29211715698242,0.9999999880790711,0.01898360509425402,0.017585712689906358,0.0009240134339779615,100.0,0.14399871826172017,0.037075576782228836,-0.08165000915527187,-0.12710685729980398,0.018983605320556228,0.048674286543057256,1273.0,0.07769775390625,10.03047255966825,1045.8589352764861,0.01,0.0485,0.0011735325679183006,0.46226346492767334
