{
  "args": {
    "batch_size": 16,
    "ckpt": "MY/VQ-Stage1/cvq_v2_c36_snr12_stage1_latest-v2-random_normal-withc1.pth",
    "cpu": false,
    "crop": "center",
    "data_dir": "/workspace/yongjia/datasets/DIV2K",
    "max_images": 0,
    "num_workers": 0,
    "out_dir": "MY/train_cvq-v2/eval/outputs/compare_B_stage1_latest_codebook_information",
    "seed": 20260610,
    "test_batch": 4,
    "val_num_workers": 0
  },
  "checkpoint": {
    "checkpoint": "/workspace/yongjia/paper_code/CDDM/MY/VQ-Stage1/cvq_v2_c36_snr12_stage1_latest-v2-random_normal-withc1.pth",
    "checkpoint_epoch": 800,
    "codebook_energy": 0.0011735325679183006,
    "codebook_entropy_bits": 10.03047255966825,
    "codebook_l2_mean": 0.46226346492767334,
    "codebook_perplexity": 1045.8589352764861,
    "codebook_top10_ratio": 0.0485,
    "codebook_top1_ratio": 0.01,
    "codebook_usage": 0.07769775390625,
    "codebook_used": 1273.0,
    "crop": "center",
    "delta_psnr_full_minus_c1": 0.14399871826172017,
    "delta_psnr_no_quant_minus_c1": 0.037075576782228836,
    "delta_psnr_random_minus_c1": -0.08165000915527187,
    "delta_psnr_shuffle_minus_c1": -0.12710685729980398,
    "eval_images": 100.0,
    "loss_c1_only": 0.002927891700528562,
    "loss_no_quant": 0.003001286564394832,
    "loss_quantized": 0.002837739584501833,
    "loss_random_code": 0.002966830974910408,
    "loss_shuffle_code": 0.0030064439587295056,
    "norm_c1_energy": 0.9999999880790711,
    "norm_c2_energy": 0.01898360509425402,
    "norm_c2_over_c1": 0.018983605320556228,
    "psnr_c1_only": 27.419224014282225,
    "psnr_no_quant": 27.456299591064454,
    "psnr_quantized": 27.563222732543945,
    "psnr_random_code": 27.337574005126953,
    "psnr_shuffle_code": 27.29211715698242,
    "q_c2_energy": 0.0009240134339779615,
    "q_c2_over_z_c2_energy": 0.048674286543057256,
    "quant_mse": 0.017585712689906358,
    "test_batch": 4
  },
  "metrics": {
    "codebook_energy": 0.0011735325679183006,
    "codebook_entropy_bits": 10.03047255966825,
    "codebook_l2_mean": 0.46226346492767334,
    "codebook_perplexity": 1045.8589352764861,
    "codebook_top10_ratio": 0.0485,
    "codebook_top1_ratio": 0.01,
    "codebook_usage": 0.07769775390625,
    "codebook_used": 1273.0,
    "delta_psnr_full_minus_c1": 0.14399871826172017,
    "delta_psnr_no_quant_minus_c1": 0.037075576782228836,
    "delta_psnr_random_minus_c1": -0.08165000915527187,
    "delta_psnr_shuffle_minus_c1": -0.12710685729980398,
    "eval_images": 100.0,
    "loss_c1_only": 0.002927891700528562,
    "loss_no_quant": 0.003001286564394832,
    "loss_quantized": 0.002837739584501833,
    "loss_random_code": 0.002966830974910408,
    "loss_shuffle_code": 0.0030064439587295056,
    "norm_c1_energy": 0.9999999880790711,
    "norm_c2_energy": 0.01898360509425402,
    "norm_c2_over_c1": 0.018983605320556228,
    "psnr_c1_only": 27.419224014282225,
    "psnr_no_quant": 27.456299591064454,
    "psnr_quantized": 27.563222732543945,
    "psnr_random_code": 27.337574005126953,
    "psnr_shuffle_code": 27.29211715698242,
    "q_c2_energy": 0.0009240134339779615,
    "q_c2_over_z_c2_energy": 0.048674286543057256,
    "quant_mse": 0.017585712689906358
  }
}