{
  "args": {
    "batch_size": 16,
    "ckpt": "MY/VQ-Stage1/cvq_v2_c36_snr12_stage1_best.pth",
    "cpu": false,
    "crop": "center",
    "data_dir": "/workspace/yongjia/datasets/DIV2K",
    "max_images": 0,
    "num_workers": 0,
    "out_dir": "MY/train_cvq-v2/eval/outputs/cvq_v2_c36_snr12_stage1_best_valid_c1_c2_energy",
    "seed": 20260610,
    "test_batch": 1,
    "val_num_workers": 0
  },
  "checkpoint": {
    "c1_ch": 16,
    "c2_ch": 20,
    "epoch": 790,
    "latent_ch": 36,
    "path": "/workspace/yongjia/paper_code/CDDM/MY/VQ-Stage1/cvq_v2_c36_snr12_stage1_best.pth",
    "route": "cvq_v2_c36_c1_16_c2_20_k16384",
    "stage": "stage1"
  },
  "script": "/workspace/yongjia/paper_code/CDDM/MY/train_cvq-v2/eval/eval_c1_c2_energy.py",
  "summary": {
    "eval_images": 100,
    "image_norm_c1_energy_max": 1.000000238418579,
    "image_norm_c1_energy_mean": 0.9999999940395355,
    "image_norm_c1_energy_median": 1.0,
    "image_norm_c1_energy_min": 0.9999997615814209,
    "image_norm_c1_energy_p25": 0.9999999403953552,
    "image_norm_c1_energy_p75": 1.0,
    "image_norm_c1_energy_std": 9.367605236471723e-08,
    "image_norm_c2_energy_max": 0.2616165280342102,
    "image_norm_c2_energy_mean": 0.020549357668751326,
    "image_norm_c2_energy_median": 0.009562870021909475,
    "image_norm_c2_energy_min": 4.946971239405684e-05,
    "image_norm_c2_energy_p25": 0.0030110602383501828,
    "image_norm_c2_energy_p75": 0.02900748886168003,
    "image_norm_c2_energy_std": 0.03165790371785031,
    "image_norm_c2_over_c1_max": 0.2616164982318878,
    "image_norm_c2_over_c1_mean": 0.02054935780866799,
    "image_norm_c2_over_c1_median": 0.009562869556248188,
    "image_norm_c2_over_c1_min": 4.946970511809923e-05,
    "image_norm_c2_over_c1_p25": 0.0030110603547655046,
    "image_norm_c2_over_c1_p75": 0.029007489327341318,
    "image_norm_c2_over_c1_std": 0.03165790184675067,
    "image_raw_c1_energy_max": 19.917631149291992,
    "image_raw_c1_energy_mean": 12.438797450065612,
    "image_raw_c1_energy_median": 12.572773933410645,
    "image_raw_c1_energy_min": 4.876204490661621,
    "image_raw_c1_energy_p25": 9.692939281463623,
    "image_raw_c1_energy_p75": 15.313199996948242,
    "image_raw_c1_energy_std": 3.322540258766871,
    "image_raw_c2_energy_max": 1.2756953239440918,
    "image_raw_c2_energy_mean": 0.18271854259015527,
    "image_raw_c2_energy_median": 0.12285971641540527,
    "image_raw_c2_energy_min": 0.0008122550207190216,
    "image_raw_c2_energy_p25": 0.046448119916021824,
    "image_raw_c2_energy_p75": 0.2775025963783264,
    "image_raw_c2_energy_std": 0.18812080323745456,
    "image_raw_c2_over_c1_max": 0.26161643862724304,
    "image_raw_c2_over_c1_mean": 0.02054935662938078,
    "image_raw_c2_over_c1_median": 0.009562869556248188,
    "image_raw_c2_over_c1_min": 4.946971239405684e-05,
    "image_raw_c2_over_c1_p25": 0.0030110603547655046,
    "image_raw_c2_over_c1_p75": 0.029007486533373594,
    "image_raw_c2_over_c1_std": 0.03165789652881498,
    "norm_c1_energy": 0.9999999940395355,
    "norm_c2_energy": 0.020549357450334354,
    "norm_c2_over_c1": 0.020549357572818068,
    "raw_c1_energy": 12.438797450065612,
    "raw_c2_energy": 0.18271854238957166,
    "raw_c2_over_c1": 0.014689405718123327
  }
}