{
  "args": {
    "batch_size": 16,
    "ckpt": "MY/VQ-Stage1/cvq_v2_c36_snr12_stage1_best-v2-random_normal-withc1.pth",
    "cpu": false,
    "crop": "center",
    "data_dir": "/workspace/yongjia/datasets/DIV2K",
    "max_images": 0,
    "num_workers": 0,
    "out_dir": "MY/train_cvq-v2/eval/outputs/compare_B_stage1_best_c2_no_quant",
    "seed": 20260610,
    "test_batch": 1,
    "val_num_workers": 0
  },
  "checkpoint": {
    "c1_ch": 16,
    "c2_ch": 20,
    "checkpoint": "/workspace/yongjia/paper_code/CDDM/MY/VQ-Stage1/cvq_v2_c36_snr12_stage1_best-v2-random_normal-withc1.pth",
    "checkpoint_epoch": 800,
    "checkpoint_psnr_full_quantized": 27.56322172164917,
    "checkpoint_route": "cvq_v2_c36_c1_16_c2_20_k16384",
    "checkpoint_stage": "stage1",
    "crop": "center",
    "eval_images": 100.0,
    "k": 16384,
    "latent_ch": 36,
    "loss_c1_only": 0.002927892688094289,
    "loss_no_quant": 0.003001287033839617,
    "loss_quantized": 0.002837740116083296,
    "psnr_c1_only": 27.419220848083498,
    "psnr_no_quant": 27.45629644393921,
    "psnr_quantized": 27.56322048187256,
    "quant_mse": 0.01758571326829042,
    "snr_db": 12.0,
    "test_batch": 1,
    "val_num_workers": 0
  },
  "metrics": {
    "eval_images": 100.0,
    "loss_c1_only": 0.002927892688094289,
    "loss_no_quant": 0.003001287033839617,
    "loss_quantized": 0.002837740116083296,
    "psnr_c1_only": 27.419220848083498,
    "psnr_no_quant": 27.45629644393921,
    "psnr_quantized": 27.56322048187256,
    "quant_mse": 0.01758571326829042
  },
  "script": "/workspace/yongjia/paper_code/CDDM/MY/train_cvq-v2/eval/eval_stage1_c2_no_quant_psnr.py"
}