{
  "args": {
    "batch_size": 16,
    "ckpt": "MY/VQ-Stage1/cvq_v2_c36_snr12_stage1_best-v2.pth",
    "cpu": false,
    "crop": "center",
    "data_dir": "/workspace/yongjia/datasets/DIV2K",
    "max_images": 0,
    "num_workers": 0,
    "out_dir": "MY/train_cvq-v2/eval/outputs/compare_A_stage1_best_c1_c2_energy",
    "seed": 20260610,
    "test_batch": 1,
    "val_num_workers": 0
  },
  "checkpoint": {
    "c1_ch": 16,
    "c2_ch": 20,
    "epoch": 785,
    "latent_ch": 36,
    "path": "/workspace/yongjia/paper_code/CDDM/MY/VQ-Stage1/cvq_v2_c36_snr12_stage1_best-v2.pth",
    "route": "cvq_v2_c36_c1_16_c2_20_k16384",
    "stage": "stage1"
  },
  "script": "/workspace/yongjia/paper_code/CDDM/MY/train_cvq-v2/eval/eval_c1_c2_energy.py",
  "summary": {
    "eval_images": 100,
    "image_norm_c1_energy_max": 1.000000238418579,
    "image_norm_c1_energy_mean": 0.9999999749660492,
    "image_norm_c1_energy_median": 1.0,
    "image_norm_c1_energy_min": 0.9999997615814209,
    "image_norm_c1_energy_p25": 0.9999999403953552,
    "image_norm_c1_energy_p75": 1.0,
    "image_norm_c1_energy_std": 9.317409052691047e-08,
    "image_norm_c2_energy_max": 0.5824969410896301,
    "image_norm_c2_energy_mean": 0.14545983068645,
    "image_norm_c2_energy_median": 0.1222144365310669,
    "image_norm_c2_energy_min": 0.053965646773576736,
    "image_norm_c2_energy_p25": 0.09913419559597969,
    "image_norm_c2_energy_p75": 0.18292511999607086,
    "image_norm_c2_energy_std": 0.07209310914478011,
    "image_norm_c2_over_c1_max": 0.5824970006942749,
    "image_norm_c2_over_c1_mean": 0.14545983541756868,
    "image_norm_c2_over_c1_median": 0.12221444398164749,
    "image_norm_c2_over_c1_min": 0.053965650498867035,
    "image_norm_c2_over_c1_p25": 0.09913419559597969,
    "image_norm_c2_over_c1_p75": 0.18292511999607086,
    "image_norm_c2_over_c1_std": 0.07209311324052894,
    "image_raw_c1_energy_max": 0.5870588421821594,
    "image_raw_c1_energy_mean": 0.29120010569691657,
    "image_raw_c1_energy_median": 0.28354138135910034,
    "image_raw_c1_energy_min": 0.17128914594650269,
    "image_raw_c1_energy_p25": 0.2445775866508484,
    "image_raw_c1_energy_p75": 0.3263631612062454,
    "image_raw_c1_energy_std": 0.06534551451333957,
    "image_raw_c2_energy_max": 0.34196001291275024,
    "image_raw_c2_energy_mean": 0.0442662619240582,
    "image_raw_c2_energy_median": 0.03459709510207176,
    "image_raw_c2_energy_min": 0.017779720947146416,
    "image_raw_c2_energy_p25": 0.024914142675697803,
    "image_raw_c2_energy_p75": 0.053918554447591305,
    "image_raw_c2_energy_std": 0.03639513950692492,
    "image_raw_c2_over_c1_max": 0.5824970006942749,
    "image_raw_c2_over_c1_mean": 0.1454598341882229,
    "image_raw_c2_over_c1_median": 0.12221445888280869,
    "image_raw_c2_over_c1_min": 0.05396564304828644,
    "image_raw_c2_over_c1_p25": 0.09913419373333454,
    "image_raw_c2_over_c1_p75": 0.18292509391903877,
    "image_raw_c2_over_c1_std": 0.07209311077218471,
    "norm_c1_energy": 0.9999999749660492,
    "norm_c2_energy": 0.14545982760190965,
    "norm_c2_over_c1": 0.1454598312433439,
    "raw_c1_energy": 0.29120010569691657,
    "raw_c2_energy": 0.04426626113057137,
    "raw_c2_over_c1": 0.15201320420070194
  }
}