{
  "checkpoint": "/workspace/yongjia/paper_code/CDDM/MY/checkpoints-cvq/cvq_c36_snr9_stage1_best.pth",
  "early_damage_mean": 2.861429727554323,
  "early_delta_psnr_mean": 0.12427252006530765,
  "early_high_ratio_mean": 0.1308669078957755,
  "elapsed_sec": 128.9905776977539,
  "late_damage_mean": 0.8507905445098889,
  "late_delta_psnr_mean": 0.14525896453857393,
  "late_high_ratio_mean": 0.18276662741508337,
  "latent_ch": 36,
  "max_batches": 0,
  "monotonic_fraction": 1.0,
  "monotonic_nonnegative_steps": 20,
  "ordered_minus_random_permuted_slots_mean": 5.359613088130952,
  "ordered_minus_random_subset_mean": 3.100876108169556,
  "prefix_ch": 16,
  "psnr_m0": 25.675606994628907,
  "psnr_m_full": 28.370921840667723,
  "psnr_m_half": 26.918332195281984,
  "snr_db": 9.0,
  "tail_ch": 20,
  "tail_gain_first_half": 1.2427252006530765,
  "tail_gain_second_half": 1.4525896453857392,
  "tail_gain_total": 2.6953148460388157
}