m,ordered_psnr,random_subset_psnr,random_permuted_slots_psnr,ordered_minus_random_subset,ordered_minus_random_permuted_slots,random_trials
1,25.731613521575927,25.335299266815184,25.361196796417236,0.39631425476074256,0.37041672515869095,5
2,25.84963005065918,24.697666822433472,25.07583292388916,1.151963228225707,0.7737971267700203,5
4,26.104464054107666,22.641449228286742,23.699630475997925,3.463014825820924,2.4048335781097414,5
8,26.64437479019165,20.092234762191772,20.288697951316834,6.552140027999879,6.3556768388748175,5
10,26.91816873550415,19.876344423294068,18.76473753452301,7.041824312210082,8.153431200981139,5
20,28.370112037658693,28.370112037658693,14.270588978767394,0.0,14.099523058891299,5
